ACACOYAGUA,ACALA,ACAPETAHUA,ALTAMIRANO,AMATAN,AMATENANGO DE LA FRONTERA,AMATENANGO DEL VALLE,ANGEL ALBINO CORZO,ARRIAGA,BEJUCAL DE OCAMPO,BELLA VISTA,BERRIOZABAL,BOCHIL,EL BOSQUE,CACAHOATAN,CATAZAJA,CINTALAPA,COAPILLA,COMITAN DE DOMINGUEZ,LA CONCORDIA,COPAINALA,CHALCHIHUITAN,CHAMULA,CHANAL,CHAPULTENANGO,CHENALHO,CHIAPA DE CORZO,CHIAPILLA,CHICOASEN,CHICOMUSELO,CHILON,ESCUINTLA,FRANCISCO LEON,FRONTERA COMALAPA,FRONTERA HIDALGO,LA GRANDEZA,HUEHUETAN,HUIXTAN,HUITIUPAN,HUIXTLA,LA INDEPENDENCIA,IXHUATAN,IXTACOMITAN,IXTAPA,IXTAPANGAJOYA,JIQUIPILAS,JITOTOL,JUAREZ,LARRAINZAR,LA LIBERTAD,MAPASTEPEC,LAS MARGARITAS,MAZAPA DE MADERO,MAZATAN,METAPA,MITONTIC,MOTOZINTLA,NICOLAS RUIZ,OCOSINGO,OCOTEPEC,OCOZOCOAUTLA DE ESPINOSA,OSTUACAN,OSUMACINTA,OXCHUC,PALENQUE,PANTELHO,PANTEPEC,PICHUCALCO,PIJIJIAPAN,EL PORVENIR,PUEBLO NUEVO SOLISTAHUACAN,RAYON,REFORMA,LAS ROSAS,SABANILLA,SALTO DE AGUA,SAN CRISTOBAL DE LAS CASAS,SAN FERNANDO,SAN JUAN CANCUC,SAN LUCAS,SILTEPEC,SIMOJOVEL,SITALA,SOCOLTENANGO,SOLOSUCHIAPA,SOYALO,SUCHIAPA,SUCHIATE,SUNUAPA,TAPACHULA,TAPALAPA,TAPILULA,TECPATAN,TENEJAPA,TEOPISCA,TILA,TONALA,TOTOLAPA,LA TRINITARIA,TUMBALA,TUXTLA CHICO,TUXTLA GUTIERREZ,TUZANTAN,TZIMOL,UNION JUAREZ,VENUSTIANO CARRANZA,VILLA COMALTITLAN,VILLA CORZO,VILLAFLORES,YAJALON,ZINACANTAN,ALDAMA,BENEMERITO DE LAS AMERICAS,MARAVILLA TENEJAPA,MARQUES DE COMILLAS,MONTECRISTO DE GUERRERO,SAN ANDRES DURAZNAL,SANTIAGO EL PINAR
0,355,9,395,593,108,286,364,168,124,136,295,244,403,103,539,235,383,238,423,368,366,332,373,546,348,328,368,342,163,424,3,431,140,101,125,52,472,367,34,256,507,563,418,600,245,467,542,338,548,30,256,98,74,90,348,88,339,391,490,282,600,406,377,510,378,543,527,71,111,455,475,580,307,308,553,322,325,363,363,128,441,430,289,522,396,390,113,561,76,499,592,391,340,290,491,147,358,219,461,92,310,40,251,127,304,18,292,288,445,331,374,511,341,553,402,459,350
355,0,358,206,309,330,146,227,202,312,324,78,100,139,390,363,135,145,117,172,130,154,120,161,263,142,44,10,103,321,249,352,349,215,388,268,303,163,154,321,135,168,226,64,272,123,101,254,131,365,351,135,205,309,326,135,266,52,202,167,89,298,92,170,321,165,225,230,300,289,371,146,283,88,301,340,101,73,150,15,306,145,301,88,215,89,76,400,258,363,156,162,153,129,113,286,224,13,136,280,379,58,326,131,414,51,336,117,112,256,118,168,428,258,470,265,163,143
9,358,0,398,597,111,289,367,177,127,139,304,253,412,106,546,246,390,241,431,376,369,335,376,555,357,335,372,351,166,433,6,440,143,104,128,55,475,370,37,259,510,572,427,209,254,476,551,341,557,39,258,101,77,93,351,91,342,394,499,291,609,415,380,513,381,546,530,80,114,458,484,583,310,311,556,325,334,366,366,131,444,433,292,525,399,399,116,570,79,508,601,400,343,293,494,156,361,222,464,95,319,43,254,130,307,21,295,290,448,334,383,387,344,429,405,462,353
395,206,398,0,371,145,115,293,330,252,264,204,204,231,340,176,261,271,67,298,256,151,117,135,324,139,171,215,229,312,63,302,343,165,338,218,253,257,61,271,85,285,287,232,324,251,227,323,129,187,335,85,155,259,276,134,216,169,24,280,215,359,219,45,143,164,270,299,376,239,241,267,380,132,111,157,107,200,149,193,256,247,62,118,344,182,204,350,304,313,298,278,281,126,139,101,352,188,86,95,329,186,276,81,364,133,286,221,216,78,117,165,337,208,379,331,265,131
593,309,597,371,0,510,332,437,423,506,518,300,203,210,654,146,357,367,381,402,352,341,307,348,97,329,266,318,325,502,246,596,415,479,652,567,603,171,343,585,399,122,84,234,57,345,180,96,319,188,469,399,520,659,639,324,530,338,285,374,311,132,333,326,178,354,143,72,522,494,163,139,124,355,285,131,297,294,339,318,605,225,308,407,99,225,298,664,73,627,151,129,375,316,329,257,446,329,400,280,643,280,625,411,678,353,617,366,361,255,307,355,372,522,414,475,243,331
108,330,111,145,510,0,241,455,287,56,68,310,310,337,144,466,323,377,78,356,362,257,223,249,463,245,286,250,335,54,321,105,427,31,142,57,92,363,259,74,96,391,426,338,463,333,333,462,235,477,138,96,10,114,131,240,20,231,282,388,323,498,325,269,433,270,435,438,180,43,347,373,491,270,406,445,213,306,255,255,60,353,352,348,414,288,306,154,459,117,404,384,387,232,245,383,255,250,110,353,133,292,80,143,155,195,90,378,373,336,223,271,402,232,444,493,371,247
286,146,289,115,332,241,0,207,259,292,304,133,133,152,321,257,192,202,48,229,187,80,46,87,286,68,102,121,152,169,176,283,242,146,319,298,270,186,82,252,66,214,249,161,386,180,156,285,58,268,326,66,251,286,309,63,261,94,137,209,146,321,148,98,224,93,196,261,349,271,170,193,314,21,197,268,36,129,78,118,288,176,137,63,237,111,133,331,269,294,222,207,210,55,4,202,281,113,67,176,310,115,252,65,345,58,268,135,130,159,46,94,359,189,401,245,194,70
364,227,367,293,437,455,207,0,189,515,527,164,250,277,461,500,196,252,226,40,237,291,257,298,391,279,183,235,210,447,387,361,300,424,459,502,529,301,293,511,244,308,354,213,391,186,274,400,269,511,447,243,465,432,448,274,465,242,348,261,150,426,200,309,467,304,301,366,287,502,275,298,429,294,440,479,247,181,289,204,519,291,435,278,349,228,149,471,403,434,297,301,260,266,211,425,211,190,345,419,450,167,398,309,485,257,505,72,77,402,257,305,661,467,679,38,309,281
168,202,177,330,423,287,259,189,0,293,305,127,225,252,271,476,67,215,307,287,200,272,236,277,377,263,158,210,173,332,363,171,263,308,270,294,221,277,272,202,325,283,340,188,377,77,248,374,248,487,145,325,277,243,259,253,247,219,324,236,113,412,175,285,443,283,287,352,98,280,261,284,405,271,416,458,223,153,278,217,297,267,356,255,329,203,160,282,373,245,261,276,223,242,255,401,22,239,326,395,265,142,209,326,295,234,187,117,112,378,233,289,637,448,679,227,285,260
124,312,127,252,506,56,292,515,293,0,28,366,402,429,159,500,559,433,185,409,418,313,279,313,459,301,268,306,391,110,409,121,483,87,157,11,108,388,315,90,203,479,422,394,459,413,425,458,291,511,154,203,46,130,144,296,36,287,370,442,377,494,381,331,467,376,429,434,195,13,403,426,547,340,440,543,269,362,311,320,30,409,376,236,467,380,370,180,515,132,474,472,443,288,288,447,271,306,169,419,148,348,96,199,170,251,106,443,438,402,279,327,461,291,503,553,427,303
136,324,139,264,518,68,304,527,305,28,0,378,414,441,171,512,371,445,197,421,430,325,291,325,471,313,280,318,403,122,421,133,495,99,169,17,120,400,327,102,215,491,434,406,471,425,437,470,303,523,166,215,58,142,156,308,48,299,382,454,389,506,393,343,479,338,441,446,207,25,415,438,559,352,452,555,281,374,323,332,42,421,388,248,479,392,382,192,527,144,486,484,455,300,300,459,283,318,181,431,160,360,108,211,182,263,118,455,450,414,291,339,473,303,515,565,439,315
295,78,304,204,300,310,133,164,127,366,378,0,100,127,398,350,57,60,183,140,76,141,107,148,251,129,34,86,49,302,237,298,151,281,430,367,380,151,143,329,199,157,214,64,251,50,123,252,119,363,276,199,320,366,383,124,330,93,200,112,14,286,51,159,319,154,161,228,224,353,135,158,281,147,290,329,99,32,139,91,370,143,290,145,204,78,36,409,247,372,145,150,99,116,137,275,149,115,202,269,385,18,332,170,422,110,310,92,87,254,107,155,513,324,555,202,161,131
244,100,253,204,203,310,133,250,225,402,414,100,0,27,496,275,157,167,217,204,152,141,107,145,156,129,56,120,125,302,237,247,215,279,494,367,434,49,143,416,235,81,119,36,156,147,23,155,119,349,426,199,320,456,483,124,330,173,198,176,111,191,115,159,305,154,66,131,323,389,40,63,184,154,289,257,97,96,139,115,406,43,263,221,104,22,100,461,153,469,72,74,175,116,129,231,247,175,236,264,479,82,422,208,501,157,414,178,173,252,107,155,499,358,541,288,61,131
403,139,412,231,210,337,152,277,252,429,441,127,27,0,414,282,184,194,256,217,179,168,130,175,163,152,95,41,152,325,260,406,242,343,514,436,449,26,205,449,268,84,126,62,163,314,30,162,142,356,453,226,347,483,509,151,357,200,225,203,138,198,142,186,286,181,73,138,350,416,47,70,191,181,296,264,124,123,166,142,433,16,348,221,111,49,126,488,159,496,79,81,202,143,156,238,274,202,263,271,506,109,449,235,528,184,441,205,200,279,134,154,480,385,522,315,34,154
103,390,106,340,654,144,321,461,271,159,171,398,496,414,0,608,338,487,273,504,471,401,367,394,607,389,423,394,445,198,465,100,535,175,26,161,55,507,403,69,291,548,570,460,607,349,519,666,379,589,133,291,134,53,20,384,124,375,426,508,384,642,447,387,545,414,517,582,174,146,491,514,635,342,518,589,357,428,399,405,163,497,513,328,600,474,433,44,603,27,536,541,494,376,325,503,250,394,254,497,5,414,65,287,24,339,85,389,384,480,367,391,548,376,588,499,515,391
539,363,546,176,146,466,257,500,476,500,512,350,275,282,608,0,409,419,305,476,404,297,263,299,178,285,319,370,377,427,171,540,439,404,576,523,527,245,207,509,323,194,166,378,126,397,252,168,275,61,573,323,476,575,565,280,486,351,152,426,363,204,365,191,33,310,218,144,574,487,235,212,147,278,139,60,253,346,295,407,526,297,127,382,171,297,350,588,165,581,223,201,399,272,253,114,498,370,324,118,599,332,541,332,602,315,557,428,423,164,263,286,235,446,277,538,315,287
235,135,246,261,357,323,192,196,67,559,371,57,157,184,338,409,0,148,240,238,133,198,164,205,308,186,91,143,106,359,294,238,198,338,337,424,284,198,200,269,256,214,271,121,298,10,180,307,176,420,212,256,333,309,325,181,323,150,257,169,46,343,98,216,376,211,218,285,165,346,192,215,338,204,347,386,156,89,196,148,363,200,347,202,261,135,93,349,304,312,202,207,156,173,188,332,89,172,259,326,328,75,275,227,362,167,253,124,119,311,164,187,570,381,612,234,218,188
383,145,390,271,367,377,202,252,215,433,445,60,167,194,487,419,148,0,250,212,15,108,174,215,318,196,101,153,42,369,304,386,78,348,497,434,447,218,210,417,266,224,281,131,318,150,190,319,317,415,360,266,387,469,486,191,397,160,267,13,103,353,36,226,386,221,228,295,313,420,202,225,299,184,357,396,166,71,206,158,437,210,357,212,271,145,103,497,314,460,212,217,38,183,198,342,237,182,273,336,498,85,435,237,510,177,413,180,175,321,174,328,580,395,622,290,228,329
238,117,241,67,381,78,48,226,307,185,197,183,217,256,273,305,240,250,0,231,235,128,94,135,334,116,150,201,208,273,209,235,298,98,271,151,186,234,130,204,18,269,297,181,368,225,240,333,106,316,268,18,88,192,309,111,149,102,153,257,197,369,189,146,272,141,247,309,309,172,218,244,362,69,277,316,84,170,126,126,189,224,223,51,285,159,174,283,311,246,275,255,258,103,52,262,329,121,19,256,262,163,209,14,297,66,219,154,149,207,84,117,311,141,353,264,242,118
423,172,431,298,402,356,229,40,287,409,421,140,204,217,504,476,238,212,231,0,197,220,209,248,350,230,128,180,165,398,333,427,255,375,534,413,449,255,247,431,245,261,318,168,355,187,227,354,223,487,409,245,366,465,487,228,376,209,302,216,151,690,155,263,443,258,265,330,362,396,239,262,383,198,394,433,201,136,243,195,416,245,394,198,308,182,140,505,351,477,249,254,215,220,233,379,309,215,246,373,493,122,435,226,528,158,451,67,62,382,269,234,538,368,580,78,263,235
368,130,376,256,352,362,187,237,200,418,430,76,152,179,471,404,133,15,235,197,0,193,159,200,303,181,86,138,27,354,289,371,63,333,482,419,432,203,195,402,251,209,266,116,303,135,175,304,302,400,345,251,372,454,471,176,382,145,252,24,87,338,21,211,371,206,213,280,298,405,187,210,284,169,342,381,151,56,191,143,422,195,342,197,256,130,88,482,299,445,197,202,23,168,183,327,222,167,258,321,473,70,420,222,495,162,398,165,160,306,159,313,565,380,607,275,213,314
366,154,369,151,341,257,80,291,272,313,325,141,141,168,401,297,198,108,128,220,193,0,34,95,294,12,110,161,168,249,188,363,258,226,399,314,350,194,100,332,146,222,257,105,294,188,164,293,30,308,396,146,267,366,388,18,257,174,145,217,154,329,156,106,264,24,207,269,365,300,178,204,322,101,237,276,44,137,86,198,317,184,183,179,245,119,141,411,291,374,235,215,218,63,76,222,292,193,147,216,390,123,332,123,425,138,348,219,214,199,36,38,458,269,500,329,202,42
332,120,335,117,307,223,46,257,236,279,291,107,107,130,367,263,164,174,94,209,159,34,0,61,260,22,76,127,134,215,150,329,224,192,365,280,316,160,56,298,112,188,223,71,260,154,130,259,12,274,372,112,233,332,354,17,243,140,111,183,120,295,122,72,230,67,173,235,331,266,144,170,288,67,23,242,10,103,52,164,283,150,149,145,211,85,107,377,257,340,201,181,184,29,42,188,258,159,113,182,356,89,298,89,391,104,314,185,180,179,6,23,424,235,466,295,168,24
373,161,376,135,348,249,87,298,277,313,325,148,145,175,394,299,205,215,135,248,200,95,61,0,301,83,117,168,175,246,159,370,265,219,392,307,343,201,40,325,139,229,264,112,301,195,171,300,73,283,379,139,259,359,381,78,270,181,129,224,161,336,163,90,266,108,214,276,372,300,185,211,329,101,230,262,51,144,93,191,310,191,158,172,252,126,148,404,298,367,242,222,225,70,83,206,299,193,140,192,397,130,333,123,418,131,341,226,221,174,61,84,460,262,502,336,209,85
546,263,555,324,97,463,286,391,377,459,471,251,156,163,607,178,308,318,334,350,303,294,260,301,0,279,219,271,278,455,269,549,368,432,605,520,556,124,296,538,352,75,13,187,50,298,133,49,272,211,522,352,473,612,592,277,483,291,308,327,264,85,266,279,199,307,96,25,475,446,116,93,88,308,238,151,250,247,292,271,558,178,261,360,28,178,251,617,46,580,104,82,328,269,282,205,399,282,353,233,596,233,578,364,631,306,570,319,314,248,260,283,393,475,435,429,196,284
348,142,357,139,329,245,68,279,263,301,313,129,129,152,389,285,186,196,116,230,181,12,22,83,279,0,98,149,156,237,172,351,246,214,387,302,338,182,78,320,134,210,245,93,282,176,152,281,18,296,384,134,255,354,376,6,265,162,133,205,142,317,144,94,252,25,195,257,353,288,166,192,310,89,225,264,32,125,74,186,305,172,171,167,233,107,129,399,279,362,223,203,206,51,64,210,275,181,135,204,378,111,320,111,413,126,336,207,202,187,28,26,446,257,488,317,190,30
328,44,335,171,266,286,102,183,158,268,280,34,56,95,423,319,91,101,150,128,86,110,76,117,219,98,0,51,59,277,205,329,605,248,418,341,354,119,110,354,173,124,182,31,228,69,57,218,87,330,302,178,296,376,397,91,304,67,167,80,45,254,48,126,286,121,129,194,256,255,327,102,247,88,257,296,66,29,106,59,344,109,257,88,171,45,32,433,214,396,112,118,109,85,98,242,180,58,169,236,412,14,342,144,447,90,320,115,106,221,74,98,480,291,522,221,127,99
368,10,372,215,318,250,121,235,210,306,318,86,120,41,394,370,143,153,201,180,138,161,127,168,271,149,51,0,111,352,272,366,201,219,392,307,343,186,178,325,139,207,264,99,286,133,143,286,171,381,355,139,260,359,381,135,270,39,209,123,97,297,101,170,337,189,181,246,308,293,155,178,299,92,310,349,117,82,159,5,310,161,310,92,224,98,86,404,267,367,165,170,161,136,117,295,232,9,136,289,383,68,325,116,418,55,341,163,158,272,127,182,428,258,470,273,179,183
342,103,351,229,325,335,152,210,173,391,403,49,125,152,445,377,106,42,208,165,27,168,134,175,278,156,59,111,0,327,262,345,90,306,454,392,405,176,387,376,224,182,239,89,276,108,148,277,144,388,318,224,345,427,444,149,355,118,255,137,60,311,4,184,344,179,186,253,271,378,160,183,311,172,315,354,124,29,164,116,395,168,315,170,229,103,61,455,272,418,170,175,50,141,156,300,207,140,231,294,446,43,393,195,469,135,371,138,133,279,132,156,538,353,580,248,186,156
163,321,166,312,502,54,169,447,332,110,122,302,302,325,198,427,359,369,273,398,354,249,215,246,455,237,277,352,327,0,313,160,419,23,196,111,146,355,251,129,129,383,418,330,489,412,325,454,227,471,193,139,64,168,189,232,74,223,274,315,315,490,310,267,394,262,368,430,234,97,339,365,483,190,398,437,205,291,247,247,114,345,344,172,406,280,295,208,432,171,396,376,379,224,173,383,310,242,102,345,186,284,134,135,212,187,144,375,370,328,205,238,394,224,436,485,363,239
424,249,433,63,246,321,176,387,363,409,421,237,237,260,465,171,294,304,209,333,289,188,150,159,269,172,205,272,262,313,0,427,354,290,463,378,414,290,94,396,210,318,256,265,226,284,260,278,162,182,460,10,331,461,452,167,341,270,39,313,250,314,252,78,138,197,303,244,461,396,423,300,257,165,48,92,140,233,182,294,413,280,30,275,281,215,237,475,239,438,331,311,314,159,172,38,385,289,211,32,486,219,428,219,489,234,444,315,310,15,150,173,340,333,382,425,298,174
3,352,6,302,596,105,283,361,171,121,133,298,247,406,100,540,238,386,235,427,371,363,329,370,549,351,329,366,345,160,427,0,434,137,98,122,49,469,364,31,253,504,566,421,603,248,470,545,335,551,33,253,95,71,87,345,85,336,388,493,285,603,409,374,507,375,540,254,74,108,452,478,577,304,305,550,319,328,360,360,125,438,427,286,519,393,393,110,564,73,502,595,394,337,287,488,150,355,216,458,89,313,37,248,124,301,15,289,284,442,328,346,508,338,550,399,456,347
431,349,440,343,415,427,242,300,263,483,495,151,215,242,535,439,198,78,298,255,63,258,224,265,368,246,605,201,90,419,354,434,0,396,533,484,483,268,260,465,316,297,331,179,368,198,238,365,236,438,408,316,437,505,522,241,447,210,315,87,150,403,100,276,406,271,278,343,361,470,252,275,406,271,407,469,214,139,256,208,487,258,402,246,319,193,151,545,364,508,310,290,40,233,246,392,285,232,321,386,524,133,471,312,558,225,449,228,223,369,224,247,600,443,642,338,276,248
140,215,143,165,479,31,146,424,308,87,99,281,279,343,175,404,338,348,98,375,333,226,192,219,432,214,248,219,306,23,290,137,396,0,173,88,123,332,228,106,106,360,395,307,466,389,302,431,204,448,170,116,41,145,166,209,51,200,251,292,292,467,287,244,371,239,345,407,211,74,316,342,460,167,375,414,182,268,224,224,91,322,321,149,383,257,272,185,409,148,373,353,356,201,150,360,287,219,79,322,163,261,111,112,189,164,121,352,347,305,182,215,371,201,413,462,340,216
101,388,104,338,652,142,319,459,270,157,169,430,494,514,26,576,337,497,271,534,482,399,365,392,605,387,418,392,454,196,463,98,533,173,0,159,53,505,401,67,289,546,568,458,605,347,517,604,377,587,131,289,132,51,6,382,122,373,424,506,383,640,445,385,543,412,515,580,172,144,489,512,633,340,516,587,355,426,397,43,161,495,511,326,598,472,430,12,601,25,534,539,493,374,323,501,248,392,252,495,21,412,63,285,43,337,83,387,382,478,365,388,544,374,586,497,513,389
125,268,128,218,567,57,298,502,294,11,17,367,367,436,161,523,424,434,151,413,419,314,280,307,520,302,341,307,392,111,378,122,484,88,159,0,109,420,316,91,204,448,483,395,320,370,390,319,292,534,155,204,47,131,148,397,37,288,339,445,380,555,382,326,490,327,492,495,197,13,404,430,548,327,463,502,270,363,312,312,30,410,409,405,471,345,363,171,516,134,461,441,444,289,302,440,272,307,167,410,150,349,97,200,172,252,107,430,425,393,280,304,459,289,501,540,428,304
52,303,55,253,603,92,270,529,221,108,120,380,434,449,55,527,284,447,186,449,432,350,316,343,556,338,354,343,405,146,414,49,483,123,53,109,0,456,352,18,240,49,553,408,590,297,457,555,322,538,82,240,82,26,38,332,72,323,375,480,333,590,396,361,494,362,527,531,123,95,439,465,584,291,292,537,306,377,347,347,112,446,444,440,506,380,380,63,551,28,489,446,443,324,274,475,199,342,203,445,182,362,18,235,78,288,34,457,452,429,315,334,495,325,537,567,464,334
472,163,475,257,171,363,186,301,277,388,400,151,49,26,507,245,198,218,234,255,203,194,160,201,124,182,119,186,176,355,290,469,268,332,505,420,456,0,196,348,252,114,151,87,188,198,56,187,172,349,426,252,373,445,494,177,383,222,251,227,164,223,166,212,212,337,207,99,163,375,406,73,96,216,207,377,150,147,192,242,423,10,370,247,201,75,152,517,185,480,117,107,228,169,182,264,299,228,253,297,532,133,411,261,531,206,467,229,224,305,160,183,406,375,448,339,28,184
367,154,370,61,343,259,82,293,272,315,327,143,143,205,403,207,200,210,130,247,195,100,56,40,296,78,110,178,387,251,94,364,260,228,401,316,352,196,0,334,148,224,259,107,296,190,166,295,68,218,398,148,269,368,390,73,279,176,55,219,156,331,158,16,174,103,207,271,367,302,180,206,324,103,147,186,46,139,32,200,319,186,93,181,247,121,143,413,293,376,237,217,220,65,78,132,294,195,149,218,392,125,334,125,427,140,350,221,216,109,56,79,368,271,410,331,204,80
34,321,37,271,585,74,252,511,202,90,102,329,416,449,69,509,269,417,204,431,402,332,298,325,538,320,354,325,376,129,396,31,465,106,67,91,18,348,334,0,222,473,535,390,572,279,439,537,304,520,64,222,64,40,56,314,54,305,357,462,315,372,378,343,476,344,509,513,105,77,421,447,566,273,274,519,288,359,329,329,94,428,396,255,488,362,362,79,533,42,471,464,425,306,256,457,181,324,185,427,58,344,6,217,93,270,16,439,434,411,297,315,477,307,519,549,446,316
256,135,259,85,399,96,66,244,325,203,215,199,235,268,291,323,256,266,18,245,251,146,112,139,352,134,173,139,224,129,210,253,316,106,289,204,240,252,148,222,0,277,315,199,386,243,258,351,124,334,286,20,106,210,227,129,167,120,171,275,215,387,207,164,290,159,265,327,327,190,236,262,380,87,295,334,102,188,144,144,207,242,241,69,303,177,192,301,329,264,293,273,276,121,70,280,347,139,37,274,280,181,227,32,315,84,237,172,167,225,102,136,329,159,371,282,260,136
507,168,510,285,122,391,214,308,283,479,491,157,81,84,548,194,214,224,269,261,209,222,188,229,75,210,124,207,182,383,318,504,297,360,546,448,49,114,224,473,277,0,38,93,75,204,58,74,200,268,419,280,401,513,535,205,411,200,279,233,168,110,172,240,224,235,21,50,381,466,45,18,103,235,263,176,178,153,220,196,483,104,280,230,23,103,157,531,91,521,27,7,257,97,210,230,305,180,281,258,537,139,479,289,559,215,495,236,231,253,188,211,418,403,460,346,122,212
563,226,572,287,84,426,249,354,340,422,434,214,119,126,570,166,271,281,297,318,266,257,223,264,13,245,182,264,239,418,256,566,331,395,568,483,553,151,259,535,315,38,0,150,37,261,96,36,235,198,485,315,436,575,555,240,446,244,295,290,225,72,229,242,186,270,59,12,438,409,79,56,65,271,225,138,213,210,255,234,521,141,248,323,15,141,214,580,33,543,67,45,291,212,245,192,362,245,316,220,559,196,541,327,594,269,533,282,277,235,223,246,388,438,430,392,159,247
418,64,427,232,234,338,161,213,188,394,406,64,36,62,460,378,121,131,181,168,116,105,71,112,187,93,31,99,89,330,265,421,179,307,458,395,408,87,107,390,199,93,150,0,187,111,59,186,147,348,333,227,348,430,447,152,358,121,226,48,75,222,79,187,345,182,97,162,286,381,71,94,215,173,318,357,61,60,167,119,398,77,318,173,140,14,63,470,183,433,81,86,139,144,157,303,210,143,228,297,449,46,396,198,484,136,374,141,136,280,135,158,539,350,581,251,95,159
600,272,209,324,57,463,386,391,377,459,471,251,156,163,607,126,298,318,368,355,303,294,260,301,50,282,228,286,276,489,226,603,368,466,605,320,590,188,296,572,386,75,37,187,0,298,133,49,272,168,522,352,473,612,592,277,517,291,265,327,264,85,266,279,156,307,96,25,475,446,116,93,78,308,238,108,250,247,292,271,558,178,227,360,52,178,251,617,46,580,104,82,328,269,282,162,399,282,353,190,606,233,578,364,631,306,570,319,314,205,260,283,358,475,400,429,196,284
245,123,254,251,345,333,180,186,77,413,425,50,147,314,349,397,10,150,225,187,135,188,154,195,298,176,69,133,108,412,284,248,198,389,347,370,297,198,190,279,243,204,261,111,298,0,170,297,166,408,222,246,343,319,335,171,338,140,245,159,36,333,98,206,364,201,208,273,175,400,182,205,326,192,337,376,144,79,186,138,417,188,337,192,251,125,83,489,294,322,192,197,158,163,176,322,99,162,247,316,338,65,285,217,373,155,263,114,109,299,154,178,558,369,600,224,206,178
467,101,476,227,180,333,156,274,248,425,437,123,23,30,519,252,180,190,240,227,175,164,130,171,133,152,57,143,148,325,260,470,238,302,517,390,457,56,166,439,258,58,96,59,133,170,0,132,142,326,449,222,343,479,506,147,353,196,221,199,134,168,138,182,282,177,43,108,346,412,17,40,161,177,266,234,120,119,162,138,429,46,259,217,81,45,122,474,129,492,49,51,198,139,152,208,270,198,259,241,502,105,445,231,524,180,437,201,196,276,130,153,476,381,518,312,64,154
542,254,551,323,96,462,285,400,374,458,470,252,155,162,666,168,307,319,333,354,304,293,259,300,49,281,218,286,277,454,278,545,365,431,604,319,555,187,295,537,351,74,36,186,49,297,132,0,271,210,519,351,472,611,571,276,482,290,317,326,261,36,265,278,198,306,95,24,474,445,115,92,33,306,237,150,249,246,291,270,555,177,277,359,51,177,250,616,26,579,103,81,325,268,281,204,396,281,352,232,595,232,577,363,629,305,569,318,323,329,259,283,400,479,442,438,195,283
338,131,341,129,319,235,58,269,248,291,303,119,119,142,379,275,176,317,106,223,302,30,12,73,272,18,87,171,144,227,162,335,236,204,377,292,322,172,68,304,124,200,235,147,272,166,142,271,0,286,374,124,245,344,366,12,255,152,123,195,132,307,134,84,242,50,185,247,343,278,156,182,300,79,215,254,22,115,64,176,295,162,161,157,223,97,119,389,249,352,113,193,196,41,54,200,270,171,125,194,368,101,310,101,403,116,326,197,192,177,18,9,436,247,478,307,180,12
548,365,557,187,188,477,268,511,487,511,523,363,349,356,589,61,420,415,316,487,400,308,274,283,211,296,330,381,388,471,182,551,438,448,587,534,538,349,218,520,334,268,198,348,168,408,326,210,286,0,584,334,487,586,576,291,497,362,163,437,374,374,278,376,44,321,292,186,585,498,299,286,188,289,213,130,264,357,306,418,537,339,201,293,245,371,361,599,239,562,297,275,398,283,264,188,509,381,335,192,610,343,556,343,613,326,568,439,434,175,274,297,246,416,288,549,357,298
30,351,39,335,469,138,326,447,145,154,166,276,426,453,133,573,212,360,268,409,345,396,372,379,522,384,302,355,318,193,460,33,408,170,131,155,82,426,398,64,286,419,485,333,522,222,449,519,374,584,0,285,128,104,120,378,118,369,421,526,258,636,314,407,540,408,573,497,47,141,400,423,550,337,338,583,352,295,393,393,158,416,490,394,468,404,298,143,509,106,397,412,368,370,330,521,123,388,249,491,228,287,70,281,157,334,48,375,370,480,361,385,541,371,583,485,434,386
256,135,258,85,399,96,66,243,325,203,215,199,199,226,291,323,256,266,18,245,251,146,112,139,352,134,178,139,224,139,10,253,316,116,289,204,240,252,148,222,20,280,315,227,352,246,222,351,124,334,285,0,106,210,227,129,167,120,171,275,215,387,207,164,290,159,265,327,327,190,236,262,380,87,295,334,102,188,144,144,207,242,241,69,303,177,192,301,329,264,293,273,276,121,70,280,347,139,37,274,280,181,227,32,315,84,237,171,166,225,112,135,329,159,371,281,260,136
98,205,101,155,520,10,251,465,277,46,58,320,320,347,134,476,333,387,88,366,372,267,233,259,473,255,296,260,345,64,331,95,437,41,132,47,82,373,269,64,106,401,436,348,473,343,343,472,245,487,128,106,0,104,121,250,10,241,292,398,333,508,335,279,443,280,445,448,170,33,357,383,501,280,416,455,223,316,265,265,50,363,362,358,424,298,316,144,469,107,414,394,397,242,255,393,245,260,120,363,123,302,70,153,145,205,80,388,383,346,233,256,412,242,454,503,381,257
74,309,77,259,659,114,286,432,243,130,142,366,456,483,53,575,309,469,192,465,454,366,332,359,612,354,376,359,427,168,461,71,505,145,51,131,26,445,368,40,210,513,575,430,612,319,479,611,344,586,104,210,104,0,40,349,94,240,423,478,413,647,417,384,542,379,622,587,145,117,496,619,640,211,483,522,322,398,364,364,134,435,483,325,560,434,402,63,568,26,501,506,465,341,290,468,221,323,254,462,42,384,40,252,62,304,56,360,355,445,332,356,546,376,588,470,453,356
90,326,93,276,639,131,309,448,259,144,156,383,483,509,20,565,325,486,309,487,471,388,354,381,592,376,397,381,444,189,452,87,522,166,6,148,38,494,390,56,227,535,555,447,592,335,506,571,366,576,120,227,121,40,0,371,111,362,413,495,372,629,434,374,532,399,502,567,159,131,476,499,620,327,513,576,344,415,386,392,150,484,500,315,587,461,419,18,590,14,523,528,482,363,312,490,237,381,241,484,15,401,52,274,37,326,72,376,371,467,354,377,533,363,575,486,502,378
348,135,351,134,324,240,63,274,253,296,308,124,124,151,384,280,181,191,111,228,176,18,17,78,277,6,91,135,149,232,167,345,241,209,382,397,332,177,73,314,129,205,240,152,277,171,147,276,12,291,378,129,250,349,371,0,260,157,128,200,137,312,139,89,247,84,190,252,348,283,161,187,305,84,220,259,27,120,69,181,300,167,166,162,228,102,124,394,254,357,218,198,201,50,59,205,275,176,130,199,373,106,315,106,408,121,331,202,197,182,23,23,441,252,483,312,185,24
88,266,91,216,530,20,261,465,247,36,48,330,330,357,124,486,323,397,149,376,382,257,243,270,483,265,304,270,355,74,341,85,447,51,122,37,72,383,279,54,167,411,446,358,517,338,353,482,255,497,118,167,10,94,111,260,0,251,302,408,343,518,345,289,453,290,455,458,160,23,367,393,511,290,426,465,233,326,275,275,40,373,372,368,434,308,326,134,479,97,424,404,407,252,265,403,235,270,130,373,113,312,60,163,135,215,70,393,388,356,243,266,422,252,464,503,391,267
339,52,342,169,338,231,94,242,219,287,299,93,173,200,375,351,150,160,102,209,145,174,140,181,291,162,67,39,118,223,270,336,210,200,373,288,323,222,176,305,120,200,244,121,291,140,196,290,152,362,369,120,241,240,362,157,251,0,231,206,141,342,100,192,318,187,201,266,368,274,175,198,319,73,291,330,130,140,172,50,239,212,291,73,239,151,93,385,287,348,188,193,170,149,98,276,241,49,117,270,364,75,206,97,399,36,322,170,165,253,140,163,409,239,451,280,230,164
391,202,394,24,285,282,137,348,324,370,382,200,198,225,426,152,257,267,153,302,252,145,111,129,308,133,167,209,255,274,39,388,315,251,424,339,375,251,55,357,171,279,295,226,265,245,221,317,123,163,421,171,292,423,413,128,302,231,0,274,211,353,213,39,119,158,264,283,422,357,384,261,296,126,87,131,101,194,143,255,374,241,38,236,320,176,198,436,280,399,292,272,275,120,133,77,346,250,172,71,447,180,389,180,450,195,405,276,271,54,111,135,298,294,343,386,259,135
490,167,499,280,374,388,209,261,236,442,454,112,176,203,508,426,169,13,257,216,24,217,183,224,327,205,80,123,137,315,313,493,87,292,506,445,480,227,219,462,275,233,290,48,327,159,199,326,195,437,526,275,398,478,495,200,408,206,274,0,111,362,55,235,393,230,237,302,334,429,211,234,355,221,366,405,173,80,215,167,446,217,366,221,280,154,112,518,323,481,221,226,47,192,205,351,258,191,276,345,497,94,444,246,532,184,422,189,184,328,183,207,595,398,637,299,235,207
282,89,291,215,311,323,146,150,113,377,389,14,111,138,384,363,46,103,197,151,87,154,120,161,264,142,45,97,60,315,250,285,150,292,383,380,333,164,156,315,215,168,225,75,264,36,134,261,132,374,258,215,333,413,372,137,343,141,211,111,0,297,62,170,330,165,172,239,211,364,146,169,292,158,301,340,110,43,150,102,381,154,301,156,215,89,47,395,258,358,156,161,110,127,142,286,135,126,213,280,432,29,379,181,408,121,357,78,73,265,118,143,524,335,566,188,172,144
600,298,609,359,132,498,321,426,412,494,506,286,191,198,642,204,343,353,369,690,338,329,295,336,85,317,254,297,311,490,314,603,403,467,640,555,590,223,331,372,387,110,72,222,85,333,168,36,307,374,636,387,508,647,629,312,518,342,353,362,297,0,301,314,234,342,131,60,510,481,151,128,113,342,273,186,285,282,327,306,593,213,315,395,87,213,286,652,76,615,139,117,363,304,317,240,434,317,388,268,631,268,613,399,666,341,605,354,349,283,295,318,436,510,478,464,231,319
406,92,415,219,333,325,148,200,175,381,393,51,115,142,447,365,98,36,189,155,21,156,122,163,266,144,48,101,4,310,252,409,100,287,445,382,396,166,158,378,207,172,229,79,266,98,138,265,134,278,314,207,335,417,434,139,345,100,213,55,62,301,0,174,332,169,176,241,273,368,150,173,294,160,305,344,112,19,154,106,385,156,305,160,219,93,51,457,262,420,160,165,60,131,144,290,197,130,215,284,436,33,383,185,471,123,361,128,123,267,122,146,507,337,549,238,174,146
377,170,380,45,326,269,98,309,285,331,343,159,159,186,387,191,216,226,146,263,211,106,72,90,279,94,126,170,184,267,78,374,276,244,385,326,361,212,16,343,164,240,242,187,279,206,182,278,84,376,407,164,279,384,374,89,289,192,39,235,170,314,174,0,158,119,225,254,383,318,196,222,335,87,126,170,62,155,104,216,335,202,77,197,359,137,159,397,353,360,253,233,236,81,94,116,307,211,133,110,408,141,350,141,411,156,366,237,232,93,72,95,352,255,394,347,220,96
510,321,513,143,178,433,224,467,443,467,479,319,305,286,545,33,376,386,272,443,371,264,230,266,199,252,286,337,344,394,138,507,406,371,543,490,494,212,174,476,290,224,186,345,156,364,282,198,242,44,540,290,443,542,532,247,453,318,119,393,330,234,332,158,0,277,248,174,541,454,265,242,177,245,169,90,220,313,262,374,493,327,157,349,201,327,317,555,195,518,253,231,366,239,220,144,465,337,291,148,566,299,508,299,569,282,524,395,390,131,230,253,202,413,250,505,345,254
378,165,381,164,354,270,93,304,283,376,338,154,154,181,414,310,211,221,141,258,206,24,67,108,307,25,121,189,179,262,197,375,271,239,412,327,362,337,103,344,159,235,270,182,307,201,177,306,50,321,408,159,280,379,399,84,290,187,158,230,165,342,169,119,277,0,220,282,378,313,191,217,335,114,250,289,57,150,99,211,330,197,198,192,258,132,154,424,284,387,248,228,231,76,89,235,305,206,160,229,403,136,345,136,438,151,361,232,227,212,70,61,452,282,494,342,215,62
543,225,546,270,143,435,196,301,287,429,441,161,66,73,517,218,218,228,247,265,213,207,173,214,96,195,129,181,186,368,303,540,278,345,515,492,527,207,207,509,265,21,59,97,96,208,43,95,185,292,573,265,445,622,502,190,455,201,264,237,172,131,176,225,248,220,0,71,385,416,26,3,124,220,284,194,163,138,205,181,468,89,315,377,83,88,161,527,92,490,10,14,238,312,192,251,309,192,399,279,506,143,588,295,541,216,480,229,224,294,170,196,450,521,492,339,107,197
527,230,530,299,72,438,261,366,352,434,446,228,131,138,582,144,285,295,309,330,280,269,235,276,25,257,194,246,253,430,244,254,343,407,580,495,531,99,271,513,327,50,12,162,25,273,108,24,247,186,497,327,448,587,567,252,458,266,283,302,239,60,241,254,174,282,71,0,450,421,91,68,53,283,213,126,225,222,267,246,533,153,236,335,27,153,226,592,21,555,79,57,303,244,257,180,374,257,328,208,571,208,553,339,606,281,545,294,289,223,235,259,376,450,418,404,171,259
71,300,80,376,522,180,349,287,98,195,207,224,323,350,174,574,165,313,309,362,298,365,331,372,475,353,256,308,271,234,461,74,361,211,172,197,123,163,367,105,327,381,438,286,475,175,346,474,343,585,47,327,170,145,159,348,160,368,422,334,211,510,273,383,541,378,385,450,0,182,357,382,503,369,509,553,321,254,361,392,199,365,302,201,427,301,258,184,471,147,359,374,321,338,353,499,76,337,290,493,167,240,111,272,198,332,89,215,210,476,331,354,582,412,624,325,383,355
111,289,114,239,494,43,271,502,280,13,25,353,389,416,146,487,346,420,172,396,405,300,266,300,446,288,255,293,378,97,396,108,470,74,144,13,95,375,302,77,190,466,409,381,446,400,412,445,278,498,141,190,33,117,131,283,23,274,357,429,364,481,368,318,454,313,416,421,182,0,390,413,534,327,427,530,256,349,298,307,17,396,363,223,454,367,353,167,502,119,461,459,430,275,275,434,258,293,156,406,135,335,83,186,157,238,93,430,425,389,266,289,448,278,490,540,414,290
455,371,458,241,163,347,170,275,261,403,415,135,40,47,491,235,192,202,218,239,187,178,144,185,116,166,327,155,160,339,423,452,252,316,489,404,439,406,180,421,236,45,79,71,116,182,17,115,156,299,400,236,357,496,476,161,367,175,384,211,146,151,150,196,265,191,26,91,357,390,0,23,144,194,304,217,134,131,176,155,442,63,346,351,64,62,135,501,112,464,34,38,212,276,166,271,283,166,237,299,480,117,462,248,515,190,454,203,198,314,144,167,467,359,509,313,81,168
475,146,484,267,139,373,193,298,284,426,438,158,63,70,514,212,215,225,244,262,210,204,170,211,93,192,102,178,183,365,300,478,275,342,512,430,465,73,206,447,262,18,56,94,93,205,40,92,182,286,423,262,383,619,499,187,393,198,261,234,169,128,173,222,242,217,3,68,382,413,23,0,121,217,281,191,160,135,202,178,465,86,312,374,41,85,158,524,89,487,11,15,235,307,189,248,306,189,396,276,503,140,585,292,538,213,477,226,221,291,167,193,444,422,486,336,104,194
580,283,583,380,124,491,314,429,405,547,559,281,184,191,635,147,338,299,362,383,284,322,288,329,88,310,247,299,311,483,257,577,406,460,633,548,584,96,324,566,380,103,65,215,78,326,161,33,300,188,550,380,501,640,620,305,511,319,296,355,292,113,294,335,177,335,124,53,503,534,144,121,0,335,206,119,278,275,320,299,590,206,229,435,80,206,279,645,61,608,132,110,356,370,310,173,427,310,381,454,654,261,606,392,659,334,598,347,352,308,288,311,379,503,421,467,224,312
307,88,310,132,355,270,21,294,271,340,352,147,154,181,342,278,204,184,69,198,169,101,67,101,308,89,88,92,172,190,165,304,271,167,340,327,291,216,103,273,87,235,271,173,308,192,177,306,79,289,337,87,280,211,327,84,290,73,126,221,158,342,160,87,245,114,220,283,369,327,194,217,335,0,243,282,57,141,99,97,344,197,189,32,258,132,154,352,284,315,248,228,231,76,25,228,243,92,88,222,232,127,174,69,370,37,184,222,217,180,67,90,380,210,422,332,215,91
308,301,311,111,285,406,197,440,416,440,452,290,289,296,518,139,347,357,277,394,342,237,23,230,238,225,257,310,315,398,48,305,407,375,516,463,292,207,147,274,295,263,225,318,238,337,266,237,215,213,338,295,416,483,513,220,426,291,87,366,301,273,305,126,169,250,284,213,509,427,304,281,206,243,0,87,193,286,235,315,444,367,71,260,240,311,290,528,234,491,292,270,367,212,193,33,438,310,264,43,506,272,449,259,542,255,465,368,363,38,23,226,367,386,409,478,385,227
553,340,556,157,131,445,268,479,458,543,555,329,257,264,589,60,386,396,316,433,381,276,242,262,151,264,296,349,354,437,92,550,469,414,587,502,537,377,186,519,334,176,138,357,108,376,234,150,254,130,583,334,455,522,576,259,465,330,131,405,340,186,344,170,90,289,194,126,553,530,217,191,119,282,87,0,232,325,274,479,547,378,110,316,153,279,352,599,147,562,205,183,429,251,264,54,480,381,335,82,546,311,488,298,581,294,504,407,402,77,242,265,292,462,334,517,396,266
322,101,325,107,297,213,36,247,223,269,281,99,97,124,357,253,156,166,84,201,151,44,10,51,250,32,66,117,124,205,140,319,214,182,355,270,306,150,46,288,102,178,213,61,250,144,120,249,22,264,352,102,223,322,344,27,233,130,101,173,110,285,112,62,220,57,163,225,321,256,134,160,278,57,193,232,0,93,42,154,273,140,139,135,201,75,97,367,247,330,191,171,174,19,32,178,248,149,103,172,346,79,288,79,381,94,304,175,170,155,10,33,395,225,437,285,158,34
325,73,334,200,294,306,129,181,153,362,374,32,96,123,428,346,89,71,170,136,56,137,103,144,247,125,29,82,29,291,233,328,139,268,426,363,377,147,139,359,188,153,210,60,247,79,119,246,115,357,295,188,316,398,415,120,326,140,194,80,43,282,19,155,313,150,138,222,254,349,131,135,275,141,286,325,93,0,135,87,366,137,286,141,200,74,32,438,243,401,141,146,79,112,125,271,178,111,196,265,417,14,364,166,452,104,342,109,104,248,103,126,488,318,430,219,155,127
363,150,366,149,339,255,78,289,278,311,323,139,139,166,399,295,196,206,126,243,191,86,52,93,292,74,106,159,164,247,182,360,256,224,397,312,347,192,32,329,144,220,255,167,292,186,162,291,64,306,393,144,265,364,386,69,275,172,143,215,150,327,154,104,262,99,205,267,361,298,176,202,320,99,235,274,42,135,0,187,315,182,181,177,243,117,139,409,269,372,233,213,216,23,74,220,300,191,145,214,388,121,330,121,410,136,346,217,212,197,52,75,437,267,479,327,200,76
363,15,366,193,318,255,118,204,217,320,332,91,115,142,405,407,148,158,126,195,143,198,164,191,271,186,59,5,116,247,294,360,208,224,43,312,347,242,200,329,144,196,234,119,271,138,138,270,176,418,393,144,265,364,392,181,275,50,255,167,102,306,106,216,374,211,181,246,392,307,155,178,299,97,315,479,154,87,187,0,324,232,324,97,219,93,91,492,267,378,187,189,168,173,122,300,239,14,141,339,401,73,330,121,423,60,346,132,127,277,164,187,433,263,475,242,250,188
128,306,131,256,605,60,288,519,297,30,42,370,406,433,163,526,363,437,189,416,422,317,283,310,558,305,344,310,395,114,413,125,487,91,161,30,112,423,319,94,207,483,521,398,558,417,429,555,295,537,158,207,50,134,150,300,40,239,374,446,381,593,385,335,493,330,468,533,199,17,442,465,590,344,444,547,273,366,315,324,0,413,380,240,471,384,370,184,519,136,478,476,447,292,292,451,275,310,173,423,152,352,100,203,174,255,110,447,442,406,283,306,465,295,509,557,431,307
441,145,444,247,225,353,176,291,267,409,421,143,43,16,497,297,200,210,224,245,195,184,150,191,178,172,109,161,168,345,280,438,258,322,495,410,446,10,186,428,242,104,141,77,178,188,46,177,162,339,416,242,363,435,484,167,373,212,241,217,154,213,156,202,327,197,89,153,365,396,63,86,206,197,367,378,140,137,182,232,413,0,360,237,191,65,142,507,175,470,107,97,218,159,172,254,289,218,243,287,522,123,401,251,521,196,457,219,214,295,150,173,521,365,563,329,18,174
430,301,433,62,308,352,137,435,356,376,388,290,263,348,513,127,347,357,223,394,342,183,149,158,261,171,257,310,315,344,30,427,402,321,511,409,444,370,93,396,241,280,248,318,227,337,259,277,161,201,490,241,362,483,500,166,372,291,38,366,301,315,305,77,157,198,315,236,302,363,346,312,229,189,71,110,139,286,181,324,380,360,0,206,359,389,230,457,335,486,313,273,362,152,133,56,378,310,264,50,507,272,449,259,542,255,465,363,358,33,198,172,351,386,393,473,378,173
289,88,292,118,407,348,63,278,255,236,248,145,221,221,328,382,202,212,51,198,197,179,145,172,360,167,88,92,170,172,275,286,246,149,326,405,440,247,181,255,69,230,323,173,360,192,217,359,157,293,394,69,358,325,315,162,368,73,236,221,156,395,160,197,349,192,377,335,201,223,351,374,435,32,260,316,135,141,177,97,240,237,206,0,291,172,145,334,339,301,224,223,206,118,67,245,277,92,57,255,349,127,291,37,368,37,307,206,201,222,99,168,349,179,391,316,255,169
522,215,525,344,99,414,237,349,329,467,479,204,104,111,600,171,261,271,285,308,256,245,211,252,28,233,171,224,229,406,281,519,319,383,598,471,506,201,247,488,303,23,15,140,52,251,81,51,223,245,468,303,424,560,587,228,434,239,320,280,215,87,219,359,201,258,83,27,427,454,64,41,80,258,240,153,201,200,243,219,471,191,359,291,0,126,203,605,48,573,62,50,279,220,233,127,351,279,340,160,544,186,526,312,579,254,518,277,272,332,211,234,403,462,445,387,209,235
396,89,399,182,225,288,111,228,203,380,392,78,22,49,474,297,135,145,159,182,130,119,85,126,178,107,45,98,103,280,215,393,193,257,472,345,380,75,121,362,177,103,141,14,178,125,45,177,97,371,404,177,298,434,461,102,308,151,176,154,89,213,93,137,327,132,88,153,301,367,62,85,206,132,311,279,75,74,117,93,384,65,389,172,126,0,77,439,174,447,94,96,153,94,107,253,225,153,214,286,457,60,400,186,479,135,392,156,151,356,85,108,521,336,563,266,83,109
390,76,399,204,298,306,133,149,160,370,382,36,100,126,433,350,93,103,174,140,88,141,107,148,251,129,32,86,61,295,237,393,151,272,430,363,380,152,143,362,192,157,214,63,251,83,122,250,119,361,298,192,316,402,419,124,326,93,198,112,47,286,51,159,317,154,161,226,258,353,135,158,279,154,290,352,97,32,139,91,370,142,230,145,203,77,0,442,247,405,145,150,111,116,129,275,182,115,200,269,421,18,368,170,456,108,346,77,72,252,107,130,492,322,534,187,160,131
113,400,116,350,664,154,331,471,282,180,192,409,461,488,44,588,349,497,283,505,482,411,377,404,617,399,433,404,455,208,475,110,545,185,12,171,63,517,413,79,301,531,580,470,617,489,474,616,389,599,143,301,144,63,18,394,134,385,436,518,395,652,457,397,555,424,527,592,184,167,501,524,645,352,528,599,367,438,409,492,184,507,457,334,605,439,442,0,613,37,513,524,505,386,335,513,260,404,264,507,33,424,95,297,68,349,95,399,394,490,340,400,558,386,598,509,525,401
561,258,570,304,73,459,269,403,373,515,527,247,153,159,603,165,304,314,311,351,299,291,257,298,46,279,214,267,272,432,239,564,364,409,601,516,551,185,293,533,329,91,33,183,46,294,129,26,249,239,509,329,469,568,590,254,479,287,280,323,258,76,262,353,195,284,92,21,471,502,112,89,61,284,234,147,247,243,269,267,519,175,335,339,48,174,247,613,0,576,118,98,324,246,265,279,395,278,349,285,592,229,534,295,614,302,550,331,326,302,256,260,389,471,431,441,193,261
76,363,79,313,627,117,294,434,245,132,144,372,469,496,27,581,312,460,246,477,445,374,340,367,580,362,396,367,418,171,438,73,508,148,25,134,28,480,376,42,264,521,543,433,580,322,492,579,352,562,106,264,107,26,14,357,97,348,399,481,358,615,420,360,518,387,490,555,147,119,464,487,608,315,491,562,330,401,372,378,136,470,486,301,573,447,405,37,576,0,509,514,468,349,298,476,223,367,227,470,16,387,38,260,38,312,58,362,357,453,340,363,519,349,561,472,488,364
499,156,508,298,151,404,222,297,261,474,486,145,72,79,536,223,202,212,275,249,197,235,201,242,104,223,112,165,170,396,331,502,310,373,534,461,489,117,237,471,293,27,67,81,104,192,49,103,113,297,397,293,414,501,523,218,424,188,292,221,156,139,160,253,253,248,10,79,359,461,34,11,132,248,292,205,191,141,233,187,478,107,313,224,62,94,145,513,118,509,0,20,270,210,218,252,283,168,269,280,525,127,467,277,547,203,483,224,220,280,176,124,447,391,489,335,125,125
592,162,601,278,129,384,207,301,276,472,484,150,74,81,541,201,207,217,255,254,202,215,181,222,82,203,118,170,175,376,311,595,290,353,539,441,446,107,217,464,273,7,45,86,82,197,51,81,193,275,412,273,394,506,528,198,404,193,272,226,161,117,165,233,231,228,14,57,374,459,38,15,110,228,270,183,171,146,213,189,476,97,273,223,50,96,150,524,98,514,20,0,250,190,203,237,298,173,274,265,530,132,472,282,552,208,488,229,224,260,181,114,425,396,467,339,115,115
391,153,400,281,375,387,210,260,223,443,455,99,175,202,494,399,156,38,258,215,23,218,184,225,328,206,109,161,50,379,314,394,40,356,493,444,443,228,220,425,276,257,291,139,328,158,198,325,196,398,368,276,397,465,482,201,407,170,275,47,110,363,60,236,366,231,238,303,321,430,212,235,356,231,367,429,174,79,216,168,447,218,362,206,279,153,111,505,324,468,270,250,0,193,206,352,245,192,281,346,484,93,431,272,518,185,409,188,183,329,184,207,560,403,602,298,236,208
340,129,343,126,316,232,55,266,242,288,300,116,116,143,376,272,173,183,103,220,168,63,29,70,269,51,85,136,141,224,159,337,233,201,374,289,324,169,65,306,121,97,212,144,269,163,139,268,41,283,370,121,242,341,363,50,252,149,120,192,127,304,131,81,239,76,312,244,338,275,276,307,370,76,212,251,19,112,23,173,292,159,152,118,220,94,116,386,246,349,210,190,193,0,51,197,264,168,122,191,365,98,307,98,387,113,323,194,189,174,29,52,433,244,475,304,177,53
290,113,293,139,329,245,4,211,255,288,300,137,129,156,325,253,188,198,52,233,183,76,42,83,282,64,98,117,156,173,172,287,246,150,323,302,274,182,78,256,70,210,245,157,282,176,152,281,54,264,330,70,255,290,312,59,265,98,133,205,142,317,144,94,220,89,192,257,353,275,166,189,310,25,193,264,32,125,74,122,292,172,133,67,233,107,129,335,265,298,218,203,206,51,0,198,277,117,71,172,314,111,256,69,349,62,272,139,134,155,42,65,416,193,458,249,190,66
491,286,494,101,257,383,202,425,401,447,459,275,231,238,503,114,332,342,262,379,327,222,188,206,205,210,242,295,300,383,38,488,392,360,501,440,475,264,132,457,280,230,192,303,162,322,208,204,200,188,521,280,393,468,490,205,403,276,77,351,286,240,290,116,144,235,251,180,499,434,271,248,173,228,33,54,178,271,220,300,451,254,56,245,127,253,275,513,279,476,252,237,352,197,198,0,423,295,249,28,492,257,434,244,527,240,450,353,348,23,188,211,346,371,388,263,272,212
147,224,156,352,446,255,281,211,22,271,283,149,247,274,250,498,89,237,329,309,222,292,258,299,399,275,180,232,207,310,385,150,285,287,248,272,199,299,294,181,347,305,362,210,399,99,270,396,270,509,123,347,245,221,237,275,235,241,346,258,135,434,197,307,465,305,309,374,76,258,283,306,427,243,438,480,248,178,300,239,275,289,378,277,351,225,182,260,395,223,283,298,245,264,277,423,0,261,348,417,243,164,187,348,274,256,165,139,134,400,255,281,640,470,682,249,307,282
358,13,361,188,329,250,113,190,239,306,318,115,175,202,394,370,172,182,121,215,167,193,159,193,282,181,58,9,140,242,289,355,232,219,392,307,342,228,195,324,139,180,245,143,282,162,198,281,171,381,388,139,260,323,381,176,270,49,250,191,126,317,130,211,337,206,192,257,337,293,166,189,310,92,310,381,149,111,191,14,310,218,310,92,279,153,115,404,278,367,168,173,192,168,117,295,261,0,127,325,387,97,289,116,405,55,341,118,113,272,159,182,531,249,573,228,236,183
219,136,222,86,400,110,67,345,326,169,181,202,236,263,254,324,259,273,19,246,258,147,113,140,353,135,169,136,231,102,211,216,321,79,252,167,203,253,149,185,37,281,316,228,353,247,259,352,125,335,249,37,120,254,241,130,130,117,172,276,213,388,215,133,291,160,399,328,290,156,237,396,381,88,264,335,103,196,145,141,173,243,264,57,340,214,200,264,349,227,269,274,281,122,71,249,348,127,0,240,278,182,220,20,278,81,236,273,268,226,113,136,292,122,340,383,261,137
461,280,464,95,280,353,176,419,395,419,431,269,264,271,497,118,326,336,256,373,321,216,182,192,233,204,236,289,294,345,32,458,386,322,495,410,445,297,218,427,274,258,220,297,190,316,241,232,194,192,491,274,363,462,484,199,373,270,71,345,280,268,284,110,148,229,279,208,493,406,299,276,454,222,43,82,172,265,214,339,423,287,50,255,160,286,269,507,285,470,280,265,346,191,172,28,417,325,240,0,486,251,428,298,508,234,395,347,342,17,182,205,342,362,384,457,305,206
92,379,95,329,643,133,310,450,265,148,160,385,479,506,5,599,328,498,262,493,473,390,356,397,596,378,412,383,446,186,486,89,524,163,21,150,182,532,392,58,280,537,559,449,606,338,502,595,368,610,228,280,123,42,15,373,113,364,447,497,432,631,436,408,566,403,506,571,167,135,480,503,654,232,506,546,346,417,388,401,152,522,507,349,544,457,421,33,592,16,525,530,484,365,314,492,243,387,278,486,0,403,58,288,22,328,74,379,373,469,356,379,570,400,612,488,540,380
310,58,319,186,280,292,115,167,142,348,360,18,82,109,414,332,75,85,163,122,70,123,89,130,233,111,14,68,43,284,219,313,133,261,412,349,362,133,125,344,181,139,196,46,233,65,105,232,101,343,287,181,302,384,401,106,312,75,180,94,29,268,33,141,299,136,143,208,240,335,117,140,261,127,272,311,79,14,121,73,352,123,272,127,186,60,18,424,229,387,127,132,93,98,111,257,164,97,182,251,403,0,350,152,438,90,328,95,90,234,89,112,479,304,516,205,141,113
40,326,43,276,625,80,252,398,209,96,108,332,422,449,65,541,275,435,209,435,420,332,298,333,578,320,342,325,393,134,428,37,471,111,63,97,18,411,334,6,227,479,541,396,578,285,445,577,310,556,70,227,70,40,52,315,60,206,389,444,379,613,383,350,508,345,588,553,111,83,462,585,606,174,449,488,288,364,330,330,100,401,449,291,526,400,368,95,534,38,467,472,431,307,256,434,187,289,220,428,58,350,0,218,93,270,22,326,321,411,298,321,512,342,554,436,419,322
251,131,254,81,411,143,65,309,326,199,211,170,208,235,287,332,227,237,14,226,222,123,89,123,364,111,144,116,195,135,219,248,312,112,285,200,235,261,125,217,32,289,327,198,364,217,231,363,101,343,281,32,153,252,274,106,163,97,180,246,181,399,185,141,299,136,295,339,272,186,248,292,392,69,259,298,79,166,121,121,203,251,259,37,312,186,170,297,295,260,277,282,272,98,69,244,348,116,20,298,288,152,218,0,376,61,234,237,232,221,108,112,312,142,354,347,269,113
127,414,130,364,678,155,345,485,295,170,182,422,501,528,24,602,362,510,297,528,495,425,391,418,631,413,447,418,469,212,489,124,558,189,43,172,78,531,427,93,315,559,594,484,631,373,524,629,403,613,157,315,145,62,37,408,135,399,450,532,408,666,471,411,569,438,541,606,198,157,515,538,659,370,542,581,381,452,410,423,174,521,542,368,579,479,456,68,614,38,547,552,518,387,349,527,274,405,278,508,22,438,93,376,0,363,109,413,408,504,391,414,570,400,612,523,539,415
304,51,307,133,353,195,58,257,234,251,263,110,157,184,339,315,167,177,66,158,162,138,104,131,306,126,90,55,135,187,234,301,225,164,337,252,288,206,140,270,84,215,269,136,306,155,180,305,116,326,334,84,205,304,326,121,215,36,195,184,121,341,123,156,282,151,216,281,332,238,190,213,334,37,255,294,94,104,136,60,255,196,255,37,254,135,108,349,302,312,203,208,185,113,62,240,256,55,81,234,328,90,270,61,363,0,286,185,180,217,104,127,373,203,415,295,214,128
18,336,21,286,617,90,268,505,187,106,118,310,414,441,85,557,253,413,219,451,398,348,314,341,570,336,320,341,371,144,444,15,449,121,83,107,34,467,350,16,237,495,533,374,570,263,437,569,326,568,48,237,80,56,72,331,70,322,405,422,357,605,361,366,524,361,480,545,89,93,454,477,598,184,465,504,304,342,346,346,110,457,465,307,518,392,346,95,550,58,483,488,409,323,272,450,165,341,236,395,74,328,22,234,109,286,0,433,428,427,314,337,528,358,570,543,475,338
292,117,295,221,366,378,135,72,117,443,455,92,178,205,389,428,124,180,154,67,165,219,185,226,319,207,115,163,138,375,315,289,228,352,387,430,457,229,221,439,172,236,282,141,319,114,201,318,197,439,375,171,388,360,376,202,393,170,276,189,78,354,128,237,395,232,229,294,215,430,203,226,347,222,368,407,175,109,217,132,447,219,363,206,277,156,77,399,331,362,224,229,188,194,139,353,139,118,273,347,379,95,326,237,413,185,433,0,5,330,185,208,565,395,607,110,237,209
288,112,290,216,361,373,130,77,112,438,450,87,173,200,384,423,119,175,149,62,160,214,180,221,314,202,106,158,133,370,310,284,223,347,382,425,452,224,216,434,167,231,277,136,314,109,196,323,192,434,370,166,383,355,371,197,388,165,271,184,73,349,123,232,390,227,224,289,210,425,198,221,352,217,363,402,170,104,212,127,442,214,358,201,272,151,72,394,326,357,220,224,183,189,134,348,134,113,268,342,373,90,321,232,408,180,428,5,0,325,180,203,560,390,602,115,232,204
445,256,448,78,255,336,159,402,378,402,414,254,252,279,480,164,311,321,207,382,306,199,179,174,248,187,221,272,279,328,15,442,369,305,478,393,429,305,109,411,225,253,235,280,205,299,276,329,177,175,480,225,346,445,467,182,356,253,54,328,265,283,267,93,131,212,294,223,476,389,314,291,308,180,38,77,155,248,197,277,406,295,33,222,332,356,252,490,302,453,280,260,329,174,155,23,400,272,226,17,469,234,411,221,504,217,427,330,325,0,165,188,330,348,372,440,313,189
331,118,334,117,307,223,46,257,233,279,291,107,107,134,367,263,164,174,84,269,159,36,6,61,260,28,74,127,132,205,150,328,224,182,365,280,315,160,56,297,102,188,223,135,260,154,130,259,18,274,361,112,233,332,354,23,243,140,111,183,118,295,122,72,230,70,170,235,331,266,144,167,288,67,23,242,10,103,52,164,283,150,198,99,211,85,107,340,256,340,176,181,184,29,42,188,255,159,113,182,356,89,298,108,391,104,314,185,180,165,0,29,405,264,447,295,168,30
374,168,383,165,355,271,94,305,289,327,339,155,155,154,391,286,187,328,117,234,313,38,23,84,283,26,98,182,156,238,173,346,247,215,388,304,334,183,79,315,136,211,246,158,283,178,153,283,9,297,385,135,256,356,377,23,266,163,135,207,143,318,146,95,253,61,196,259,354,289,167,193,311,90,226,265,33,126,75,187,306,173,172,168,234,108,130,400,260,363,124,114,207,52,65,211,281,182,136,205,379,112,321,112,414,127,337,208,203,188,29,0,428,258,470,343,191,21
511,428,387,337,372,402,359,661,637,461,473,513,499,480,548,235,570,580,311,538,565,458,424,460,393,446,480,428,538,394,340,508,600,371,544,459,495,406,368,477,329,418,388,539,358,558,476,400,436,246,541,329,412,546,533,441,422,409,298,595,524,436,507,352,202,452,450,376,582,448,467,444,379,380,367,292,395,488,437,433,465,521,351,349,403,521,492,558,389,519,447,425,560,433,416,346,640,531,292,342,570,479,512,312,570,373,528,565,560,330,405,428,0,170,42,699,539,448
341,258,344,208,522,232,189,467,448,291,303,324,358,385,376,446,381,395,141,368,380,269,235,262,475,257,291,258,353,224,333,338,443,201,374,289,325,375,271,307,159,403,438,350,475,369,381,479,247,416,371,159,242,376,363,252,252,239,294,398,335,510,337,255,413,282,521,450,412,278,359,422,503,210,386,462,225,318,267,263,295,365,386,179,462,336,322,386,471,349,391,396,403,244,193,371,470,249,122,362,400,304,342,142,400,203,358,395,390,348,264,258,170,0,212,505,383,259
553,470,429,379,414,444,401,679,679,503,515,555,541,522,588,277,612,622,353,580,607,500,466,502,435,488,522,470,580,436,382,550,642,413,586,501,537,448,410,519,371,460,430,581,400,600,518,442,478,288,583,371,454,588,575,483,464,451,343,637,566,478,549,394,250,494,492,418,624,490,509,486,421,422,409,334,437,430,479,475,509,563,393,391,445,563,534,598,431,561,489,467,602,475,458,388,682,573,340,384,612,516,554,354,612,415,570,607,602,372,447,470,42,212,0,717,581,490
402,265,405,331,475,493,245,38,227,553,565,202,288,315,499,538,234,290,264,78,275,329,295,336,429,317,221,273,248,485,425,399,338,462,497,540,567,339,331,549,282,346,392,251,429,224,312,438,307,549,485,281,503,470,486,312,503,280,386,299,188,464,238,347,505,342,339,404,325,540,313,336,467,332,478,517,285,219,327,242,557,329,473,316,387,266,187,509,441,472,335,339,298,304,249,263,249,228,383,457,488,205,436,347,523,295,543,110,115,440,295,343,699,505,717,0,347,319
459,163,462,265,243,371,194,309,285,427,439,161,61,34,515,315,218,228,242,263,213,202,168,209,196,190,127,179,186,363,298,456,276,340,513,428,464,28,204,446,260,122,159,95,196,206,64,195,180,357,434,260,381,453,502,185,391,230,259,235,172,231,174,220,345,215,107,171,383,414,81,104,224,215,385,396,158,155,200,250,431,18,378,255,209,83,160,525,193,488,125,115,236,177,190,272,307,236,261,305,540,141,419,269,539,214,475,237,232,313,168,191,539,383,581,347,0,192
350,143,353,131,331,247,70,281,260,303,315,131,131,154,391,287,188,329,118,235,314,42,24,85,284,30,99,183,156,239,174,347,248,216,389,304,334,184,80,316,136,212,247,159,284,178,154,283,12,298,386,136,257,356,378,24,267,164,135,207,144,319,146,96,254,62,197,259,355,290,168,194,312,91,227,266,34,127,76,188,307,174,173,169,235,109,131,401,261,364,125,115,208,53,66,212,282,183,137,206,380,113,322,113,415,128,338,209,204,189,30,21,448,259,490,319,192,0
